word,taboo1,taboo2,taboo3,taboo4
sound,hear,noise,loud,music
space,astronomy,planets,stars,universe
movie,film,cinema,flick,watch
taboo,alternative,controversial,game,prohibited
football,sport,foot,ball,pitch
internet,computer,web,site,google
car,wheel,engine,drive,automatic
vegan,vegetarian,eat,diet,meat
blackmail,crime,extortion,demand,money
blow,wind,air,whistle,nose
eggnog,christmas,punch bowl,spiked,creamy
ebenezer scrooge,christmas carol,character,ghosts,humbug!
recycle,use,bin,waste,reduce
detective,investigate,clues,private eye,sherlock holmes
skyscraper,empire,tall,highrise,building
llama,south america,alpaca,beast,burden
museum,art,paintings,exhibits,buildings
eureka!,discovery,found,revelation,archamedes
lei,hawaii,aloha,flower,necklace
trendy,fashionable,stylish,vogue,chic
flannel,shirt,cloth,sheets,pajamas
wheelbarrow,load,handles,gardener,carry
pez,pushdown,candy,toy,dispenser
fool,jerk,idiot,april,trick
diamond,jewel,engagement,carats,ring
 plastered,intoxicated,smashed,walls,drunk
alias,name,idiot,fake,name
chip,fish,chocolate,poker,potato
grand slam,beat,bases,runs,six nations
menu,meals,order,restaurant,prices
midas,legend,money,gold,rich
bunsen burner,lab,experiment,gas,flame
funnybone,feeling,hit,elbow,arm
 scavenger hunt,search,game,find,contest
 comma,punctuation,period,rest,separate
 pocket,pool,watch,hand,trousers
 panda,bear,china,bamboo,zoo
minute,hours,time,seconds,sixty
 r.s.v.p.,answer,respond,invitation,party
 tiara,princess,head,jeweled,crown
 mouthwash,rinse,gargle,teeth,breath
 jackhammer,drill,break-up,construction,rock
 pentagon,washington,building,shape,five sides
 flip flops,toes,beach,thongs,sandals
whisper,shout,sound,ear,speak
 merry-go-round,pole,horses,spin,carousel
 howdy,doody,hello,greeting,cowboy
 big ben,clock,parliament,bell,london
 slip,pink,mistake,freudian,fall
canvas,sneakers,bag,cloth,tent
 lie detector,yes,test,police,polygraph
laugh,*actual laughing*,funny,chuckle,giggle
 spit,saliva,roast,drool,mouth
steeple,bell,tower,spire,church
 shower,bathroom,water,clean,april
 red herring,fish,trick,decoy,diversion
 semi,colon,circle,conductor,automatic
 banjo,music,bluegrass,strings,strum
 tooth fairy,bed,pillow,money,night
 the brothers grim,storytellers,authors,siblings,fairy tales
 cough drop,throat,sore,losenge,suck
copper,coin,metal,pipe,penny
 filling,tooth,cream,dentist,oreo
key,door,open,lock,piano
 parking meter,car,curb,machine,money
 sphinx,mythical,egypt,pyramids,lion
 puppet,string,marionette,wooden,pinocchio
 thomas edison,lighbulb,electric,inventor,america
 adult,child,old,mature,grown-up
 tie-dye,t-shirt,hippie,pattern,colours
 poison ivy,plant,rash,scratch,leaves
 toll booth,highway,pay,attendant,ticket
 dr. jekyll,mr. hyde,robert louis stevenson,split personality,evil
 school bus,yellow,children,vehicle,kids
colosseum,rome,gladiators,italy,arena
 boa,snake,constrictor,feathery,scarf
slush,puppie,weather,rain,snow
 greeting card,store,message,hallmark,occassion
jet lag,tired,jetlag,travel,adjust
 headhunter,scout,find,recruiter,job
jingle,sleigh,ring,bells,song
 poker,chip,bet,hand,card
 seagull,fish + chips,seaside,beach,bird
 gargoyle,grotesque,stone,monster,ornament
octopus,ocean,arms,tentacles,eight
 daydream,sleep,fantasize,bored,mind
 fortune cookie,predict,restaurant,chinese food,advice
 pupil,eye,student,school,dilate
 tiffany,store,jewels,lamp,breakfast
lullaby,baby,sleep,sing,rock
 scale,richter,weigh,musical,fish
 bazooka,fight,war,launcher,rocket
 liberty bell,symbol,crack,freedom,america
 cameo,carving,profile,brief,small role
credit,visa,bank,money,card
 gap,generation,mall,jeans,store